x,y,split
-3,1.2700026442,test
-2.92405063291,1.11653012629,train
-2.84810126582,0.984575150924,train
-2.77215189873,0.858983490681,train
-2.69620253165,0.725728137051,test
-2.62025316456,0.581143302755,train
-2.54430379747,0.434337615416,train
-2.46835443038,0.301197893314,train
-2.39240506329,0.193930827315,test
-2.3164556962,0.113027296602,train
-2.24050632911,0.0469392221195,train
-2.16455696203,-0.0203183143783,train
-2.08860759494,-0.0986441728849,test
-2.01265822785,-0.185334719659,train
-1.93670886076,-0.266863633671,train
-1.86075949367,-0.327786305535,train
-1.78481012658,-0.360907048756,test
-1.70886075949,-0.37201603174,train
-1.63291139241,-0.376077600608,train
-1.55696202532,-0.387379226027,train
-1.48101265823,-0.410126038249,test
-1.40506329114,-0.435672583087,train
-1.32911392405,-0.448214138342,train
-1.25316455696,-0.43519098789,train
-1.17721518987,-0.39555650305,test
-1.10126582278,-0.340466139925,train
-1.0253164557,-0.285933784681,train
-0.949367088608,-0.242289786472,train
-0.873417721519,-0.20738047195,test
-0.79746835443,-0.167985911899,train
-0.721518987342,-0.10852262194,train
-0.645569620253,-0.02130219541,train
-0.569620253165,0.0884074061428,test
-0.493670886076,0.205849760535,train
-0.417721518987,0.316494161451,train
-0.341772151899,0.415601205823,train
-0.26582278481,0.511342750511,test
-0.189873417722,0.619422365761,train
-0.113924050633,0.752737649608,train
-0.0379746835443,0.912889718306,train
0.0379746835443,1.08912918892,test
0.113924050633,1.26543251543,train
0.189873417722,1.4310503149,train
0.26582278481,1.58758370358,train
0.341772151899,1.74793027952,test
0.417721518987,1.92779361294,train
0.493670886076,2.13534556073,train
0.569620253165,2.3658467198,train
0.645569620253,2.60476638384,test
0.721518987342,2.83734813067,train
0.79746835443,3.05832399874,train
0.873417721519,3.27538239472,train
0.949367088608,3.50410680298,test
1.0253164557,3.75771715273,train
1.10126582278,4.03836711733,train
1.17721518987,4.33572634763,train
1.25316455696,4.63378095745,test
1.32911392405,4.92137549069,train
1.40506329114,5.19955657604,train
1.48101265823,5.48088392961,train
1.55696202532,5.78116227362,test
1.63291139241,6.10903706223,train
1.70886075949,6.46030316521,train
1.78481012658,6.82067311189,train
1.86075949367,7.17518255614,test
1.93670886076,7.51804132955,train
2.01265822785,7.85644511863,train
2.08860759494,8.20583853276,train
2.16455696203,8.57974789297,test
2.24050632911,8.980876833,train
2.3164556962,9.39932649285,train
2.39240506329,9.81911195429,train
2.46835443038,10.2286851383,test
2.54430379747,10.6285369239,train
2.62025316456,11.0308740022,train
2.69620253165,11.4515831913,train
2.77215189873,11.8997731188,test
2.84810126582,12.3717779976,train
2.92405063291,12.8535708191,train
3,13.3299973558,train
